{
  "MSE": 566912.9678389203,
  "RMSE": 752.9362309245852,
  "MAE": 544.1736042101013,
  "MAPE": 29.38266588520114,
  "R2": -0.01794962013616308,
  "RL_trained": true,
  "RL_reward": -624372882.9362811
}